0,계약일,가격,타입
1,2019.10.15,74800,108타입
2,2019.10.01,75400,108타입
3,2019.07.31,75000,108타입
4,2019.07.23,74500,108타입
5,2019.06.02,69000,108타입
6,2019.06.01,67800,108타입
7,2019.03.05,70000,108타입
8,2018.08.26,76000,108타입
9,2018.08.24,72000,108타입
10,2018.08.18,66000,108타입
11,2018.08.17,75000,108타입
12,2018.08.16,72000,108타입
13,2018.08.11,67500,108타입
14,2018.08.08,63000,108타입
15,2018.07.18,61000,108타입
16,2018.06.26,54500,108타입
17,2018.06.16,62000,108타입
18,2018.06.12,62000,108타입
19,2018.05.24,62750,108타입
20,2018.05.12,61500,108타입
21,2018.04.02,53900,108타입
22,2018.03.21,60000,108타입
23,2018.03.01,60000,108타입
24,2018.02.22,60000,108타입
25,2018.01.27,62000,108타입
26,2018.01.27,62000,108타입
27,2018.01.20,50000,108타입
28,2018.01.18,57400,108타입
29,2018.01.16,57800,108타입
30,2018.01.12,59300,108타입
31,2017.12.27,48500,108타입
32,2017.12.26,54900,108타입
33,2017.12.14,47000,108타입
34,2017.12.09,52500,108타입
35,2017.12.08,54000,108타입
36,2017.11.27,60000,108타입
37,2017.11.20,55000,108타입
38,2017.11.03,59000,108타입
39,2017.11.02,55600,108타입
40,2017.10.15,55500,108타입
41,2017.10.15,54000,108타입
42,2017.10.12,55900,108타입
43,2017.09.09,55000,108타입
44,2017.09.05,55000,108타입
45,2017.08.01,60000,108타입
46,2017.07.20,56000,108타입
47,2017.07.16,55800,108타입
48,2017.07.15,50000,108타입
49,2017.07.15,54800,108타입
50,2017.07.06,53800,108타입
51,2017.06.17,55000,108타입
52,2017.06.07,52250,108타입
53,2017.06.07,55900,108타입
54,2017.04.03,49800,108타입
55,2017.03.18,56000,108타입
56,2017.02.18,50500,108타입
57,2016.12.06,53000,108타입
58,2016.11.11,49800,108타입
59,2016.10.15,48500,108타입
60,2016.10.10,55000,108타입
61,2016.09.28,52600,108타입
62,2016.09.09,52500,108타입
63,2016.09.03,50500,108타입
64,2016.08.21,52000,108타입
65,2016.08.18,51500,108타입
66,2016.08.10,53000,108타입
67,2016.07.04,51000,108타입
68,2016.07.01,48500,108타입
69,2016.06.18,42500,108타입
70,2016.06.13,41900,108타입
71,2016.05.09,46350,108타입
72,2016.05.03,49800,108타입
73,2016.04.22,50000,108타입
74,2016.04.19,49000,108타입
75,2016.04.14,48000,108타입
76,2016.03.19,47000,108타입
77,2016.03.16,39500,108타입
78,2016.03.12,44500,108타입
79,2016.02.18,47000,108타입
80,2016.02.13,49500,108타입
81,2016.02.05,46000,108타입
82,2016.02.04,42500,108타입
83,2016.01.04,47000,108타입
84,2015.12.29,47000,108타입
85,2015.12.24,47200,108타입
86,2015.12.18,45000,108타입
87,2015.12.05,40900,108타입
88,2015.11.29,47000,108타입
89,2015.11.23,47000,108타입
90,2015.10.27,47300,108타입
91,2015.10.24,46500,108타입
92,2015.10.16,46750,108타입
93,2015.10.13,43500,108타입
94,2015.10.10,46500,108타입
95,2015.08.12,44000,108타입
96,2015.07.23,39000,108타입
97,2015.07.07,42900,108타입
98,2015.07.01,39000,108타입
99,2015.06.30,43500,108타입
100,2015.06.26,45500,108타입
101,2015.06.22,42600,108타입
102,2015.06.21,44750,108타입
103,2015.06.18,44800,108타입
104,2015.06.17,45700,108타입
105,2015.06.08,42000,108타입
106,2015.06.03,43900,108타입
107,2015.05.30,44700,108타입
108,2015.05.23,44900,108타입
109,2015.05.21,43700,108타입
110,2015.05.08,43500,108타입
111,2015.04.09,43700,108타입
112,2015.04.03,44000,108타입
113,2015.03.16,44000,108타입
114,2015.03.12,45000,108타입
115,2015.03.11,42000,108타입
116,2015.03.09,42700,108타입
117,2015.02.09,42500,108타입
118,2015.01.21,42700,108타입
119,2014.12.15,42800,108타입
120,2014.12.05,43000,108타입
121,2014.11.19,42500,108타입
122,2014.11.08,43000,108타입
123,2014.11.05,43500,108타입
124,2014.11.01,43000,108타입
125,2014.09.27,40000,108타입
126,2014.09.23,42200,108타입
127,2014.08.31,43000,108타입
128,2014.08.22,41500,108타입
129,2014.08.07,41000,108타입
130,2014.08.06,42000,108타입
131,2014.08.04,42000,108타입
132,2014.07.04,37000,108타입
133,2014.07.04,38600,108타입
134,2014.07.02,43000,108타입
135,2014.06.21,41000,108타입
136,2014.05.19,42000,108타입
137,2014.02.27,41000,108타입
138,2014.02.14,39600,108타입
139,2014.02.07,41500,108타입
140,2014.02.04,41500,108타입
141,2013.12.13,45000,108타입
142,2013.12.07,30000,108타입
143,2013.09.07,37000,108타입
144,2013.09.04,42700,108타입
145,2013.07.05,35500,108타입
146,2013.05.27,39500,108타입
147,2013.05.19,40000,108타입
148,2013.05.08,39800,108타입
149,2013.05.02,40000,108타입
150,2013.04.17,38000,108타입
151,2013.03.15,40500,108타입
152,2013.01.12,36500,108타입
153,2012.12.24,43000,108타입
154,2012.12.18,36500,108타입
155,2012.11.21,45500,108타입
156,2012.10.26,39000,108타입
157,2012.10.06,41000,108타입
158,2012.03.07,44000,108타입
159,2012.03.07,39000,108타입
160,2012.01.10,47000,108타입
161,2011.12.13,42800,108타입
162,2011.10.19,43600,108타입
163,2011.10.19,43000,108타입
164,2011.09.22,43000,108타입
165,2011.07.14,45000,108타입
166,2011.06.12,47000,108타입
167,2011.05.27,50500,108타입
168,2011.02.19,47000,108타입
169,2011.02.10,47500,108타입
170,2011.01.25,45000,108타입
171,2011.01.09,42700,108타입
172,2010.12.28,42000,108타입
173,2010.11.29,46500,108타입
174,2010.11.11,45500,108타입
175,2010.11.06,46000,108타입
176,2010.11.05,42500,108타입
177,2010.11.03,40800,108타입
178,2010.10.23,47000,108타입
179,2010.07.22,45000,108타입
180,2010.03.27,47900,108타입
181,2010.01.30,51000,108타입
182,2010.01.30,48500,108타입
183,2010.01.27,51600,108타입
184,2010.01.15,52000,108타입
185,2009.10.08,47500,108타입
186,2009.09.24,52900,108타입
187,2009.09.03,49000,108타입
188,2009.08.01,55000,108타입
189,2009.07.17,51700,108타입
190,2009.06.28,49750,108타입
191,2009.06.08,47200,108타입
192,2009.05.18,48000,108타입
193,2009.05.04,46500,108타입
194,2009.04.25,50000,108타입
195,2009.04.16,43800,108타입
196,2008.07.29,51400,108타입
197,2008.07.17,56000,108타입
198,2008.07.05,50700,108타입
199,2008.06.21,49000,108타입
200,2008.05.26,51000,108타입
201,2008.03.31,47014,108타입
202,2008.03.14,52500,108타입
203,2008.02.25,48500,108타입
204,2008.02.18,51600,108타입
205,2008.02.14,51800,108타입
206,2008.01.12,49000,108타입
207,2007.11.07,51800,108타입
208,2007.06.04,56000,108타입
209,2007.05.15,53000,108타입
210,2006.10.31,51900,108타입
211,2006.09.30,50000,108타입
212,2006.09.13,51800,108타입
213,2006.09.04,51600,108타입
214,2006.08.05,48900,108타입
215,2006.07.17,47000,108타입
216,2006.04.24,42000,108타입
217,2006.03.29,33000,108타입
218,2006.03.22,39000,108타입
219,2006.03.21,40000,108타입
220,2006.03.11,39000,108타입
221,2006.03.01,36000,108타입
222,2006.02.18,28900,108타입
223,2006.02.02,36500,108타입
224,2006.01.31,34700,108타입
225,2006.01.22,30300,108타입
226,2006.01.19,28500,108타입
227,2006.01.07,34950,108타입
228,2006.01.07,37300,108타입
229,2006.01.07,35000,108타입
230,2006.01.06,34900,108타입
231,2019.10.21,66000,101타입
232,2019.08.31,69000,101타입
233,2019.08.25,72700,101타입
234,2018.10.20,73000,101타입
235,2018.08.15,69000,101타입
236,2018.07.18,65000,101타입
237,2018.06.23,62000,101타입
238,2018.02.06,59700,101타입
239,2017.11.25,56000,101타입
240,2017.11.16,56000,101타입
241,2017.11.01,53000,101타입
242,2017.11.01,53500,101타입
243,2017.10.27,49000,101타입
244,2017.10.21,55000,101타입
245,2017.10.14,54000,101타입
246,2017.10.13,53000,101타입
247,2017.07.31,52000,101타입
248,2017.06.30,51900,101타입
249,2017.06.12,52000,101타입
250,2017.06.10,52000,101타입
251,2017.06.05,51800,101타입
252,2016.11.03,46400,101타입
253,2016.10.20,50000,101타입
254,2016.10.07,52000,101타입
255,2016.09.02,48000,101타입
256,2016.08.30,47500,101타입
257,2016.08.27,47900,101타입
258,2016.08.10,49000,101타입
259,2016.05.10,45000,101타입
260,2016.05.02,42000,101타입
261,2016.04.25,43000,101타입
262,2016.04.11,42750,101타입
263,2016.04.05,42900,101타입
264,2016.03.09,42800,101타입
265,2016.02.20,40200,101타입
266,2016.02.15,41400,101타입
267,2016.02.03,41900,101타입
268,2015.12.29,40700,101타입
269,2015.12.22,41000,101타입
270,2015.11.13,42800,101타입
271,2015.10.31,43300,101타입
272,2015.09.18,38300,101타입
273,2015.08.05,40000,101타입
274,2015.07.06,41000,101타입
275,2015.07.01,41900,101타입
276,2015.06.27,37750,101타입
277,2015.06.25,41000,101타입
278,2015.04.23,38500,101타입
279,2015.03.28,40000,101타입
280,2015.03.13,38000,101타입
281,2015.02.04,37000,101타입
282,2015.01.30,38000,101타입
283,2014.11.07,32300,101타입
284,2014.09.30,35700,101타입
285,2014.09.30,38000,101타입
286,2014.05.01,34000,101타입
287,2014.03.26,35000,101타입
288,2014.02.03,32000,101타입
289,2014.01.21,33000,101타입
290,2014.01.16,36000,101타입
291,2013.11.16,35500,101타입
292,2013.09.11,36750,101타입
293,2013.06.12,32500,101타입
294,2013.05.15,32450,101타입
295,2013.04.20,34900,101타입
296,2013.04.02,34000,101타입
297,2013.03.02,31500,101타입
298,2012.12.15,29500,101타입
299,2012.01.05,34500,101타입
300,2011.08.04,38700,101타입
301,2011.06.21,38250,101타입
302,2011.05.10,37500,101타입
303,2011.05.02,37400,101타입
304,2011.03.07,39500,101타입
305,2010.07.31,38800,101타입
306,2010.07.09,35300,101타입
307,2010.06.16,33000,101타입
308,2010.04.10,43000,101타입
309,2010.02.09,47000,101타입
310,2009.12.22,44500,101타입
311,2009.11.11,48700,101타입
312,2009.11.03,49000,101타입
313,2009.08.30,45000,101타입
314,2009.07.29,42900,101타입
315,2009.07.23,45300,101타입
316,2009.05.25,44500,101타입
317,2009.05.11,45000,101타입
318,2009.03.10,45000,101타입
319,2007.12.12,25500,101타입
320,2007.12.08,47400,101타입
321,2007.09.11,45000,101타입
322,2007.09.08,43200,101타입
323,2007.02.16,50000,101타입
324,2007.01.15,46600,101타입
325,2006.11.07,45900,101타입
326,2006.11.03,44000,101타입
327,2006.10.31,43500,101타입
328,2006.10.13,43000,101타입
329,2006.07.26,42900,101타입
330,2006.07.17,39800,101타입
331,2006.07.01,41000,101타입
332,2006.05.12,34400,101타입
333,2006.04.10,36700,101타입
334,2006.04.01,30000,101타입
335,2006.03.23,30000,101타입
336,2006.03.22,31000,101타입
337,2006.03.13,29800,101타입
338,2006.02.28,28900,101타입
339,2006.02.28,30000,101타입
340,2018.09.09,75000,102S
341,2018.08.27,70000,102S
342,2018.08.09,70000,102S
343,2018.05.13,58000,102S
344,2018.03.24,57300,102S
345,2018.03.12,62000,102S
346,2018.02.27,55000,102S
347,2018.01.13,59100,102S
348,2018.01.02,57500,102S
349,2017.10.11,53500,102S
350,2017.09.28,54900,102S
351,2017.07.28,56800,102S
352,2017.07.27,55800,102S
353,2017.07.25,55800,102S
354,2017.07.22,54750,102S
355,2017.07.18,55000,102S
356,2017.07.13,57500,102S
357,2017.06.12,54950,102S
358,2017.06.05,55800,102S
359,2017.05.31,52500,102S
360,2017.05.16,54500,102S
361,2017.05.09,53700,102S
362,2017.04.29,47000,102S
363,2017.04.14,53800,102S
364,2017.03.11,50800,102S
365,2017.01.21,50500,102S
366,2017.01.07,51000,102S
367,2016.10.19,52300,102S
368,2016.10.04,54000,102S
369,2016.09.08,49500,102S
370,2016.08.23,45000,102S
371,2016.08.13,44500,102S
372,2016.07.13,44700,102S
373,2016.07.06,45000,102S
374,2016.04.21,44800,102S
375,2016.02.18,42000,102S
376,2015.12.24,43900,102S
377,2015.11.30,43900,102S
378,2015.09.12,43700,102S
379,2015.09.10,43500,102S
380,2015.07.25,42000,102S
381,2015.07.25,43500,102S
382,2015.07.21,41750,102S
383,2015.07.14,41000,102S
384,2015.06.25,41800,102S
385,2015.05.30,40000,102S
386,2015.05.06,38500,102S
387,2015.01.29,40000,102S
388,2015.01.21,34800,102S
389,2015.01.13,39000,102S
390,2014.10.02,36950,102S
391,2014.08.11,35950,102S
392,2014.08.07,37000,102S
393,2014.07.01,37000,102S
394,2014.05.08,35900,102S
395,2014.05.02,36000,102S
396,2014.04.11,36400,102S
397,2014.04.08,34500,102S
398,2014.03.17,36500,102S
399,2014.01.27,36000,102S
400,2013.12.16,36000,102S
401,2013.12.11,36400,102S
402,2013.08.10,36000,102S
403,2013.06.24,35500,102S
404,2013.06.19,34350,102S
405,2013.06.12,35000,102S
406,2013.06.01,33500,102S
407,2013.05.25,33500,102S
408,2013.05.16,32900,102S
409,2013.04.17,34800,102S
410,2013.04.15,29000,102S
411,2013.03.11,31800,102S
412,2013.02.19,29000,102S
413,2013.01.31,33700,102S
414,2013.01.16,34500,102S
415,2012.12.26,32200,102S
416,2012.11.27,31000,102S
417,2012.04.27,32500,102S
418,2012.03.21,38100,102S
419,2012.02.13,39500,102S
420,2012.02.08,33000,102S
421,2012.02.07,38500,102S
422,2012.02.06,33000,102S
423,2012.01.26,37000,102S
424,2011.09.16,40000,102S
425,2011.09.05,40500,102S
426,2011.06.23,40000,102S
427,2011.06.10,43000,102S
428,2011.01.15,39500,102S
429,2010.12.28,42000,102S
430,2010.10.23,41500,102S
431,2010.01.18,46000,102S
432,2009.12.22,43000,102S
433,2009.12.16,43150,102S
434,2009.06.13,41000,102S
435,2009.03.23,42500,102S
436,2009.03.20,48000,102S
437,2009.02.27,42200,102S
438,2008.10.20,50000,102S
439,2008.06.02,47500,102S
440,2008.05.15,45500,102S
441,2008.02.18,47000,102S
442,2007.12.14,46800,102S
443,2007.09.21,53000,102S
444,2007.03.08,45000,102S
445,2006.11.03,45000,102S
446,2006.10.28,44000,102S
447,2006.10.24,44300,102S
448,2006.08.18,41000,102S
449,2006.06.19,39500,102S
450,2006.06.05,40200,102S
451,2006.05.13,35000,102S
452,2006.05.13,39700,102S
453,2006.03.24,30800,102S
454,2006.03.23,31800,102S
455,2006.03.23,31800,102S
456,2006.03.19,31420,102S
457,2006.03.08,30000,102S
458,2006.02.22,29000,102S
459,2006.01.23,29000,102S
460,2006.01.20,26000,102S
461,2019.06.28,72000,105타입
462,2018.08.23,63000,105타입
463,2018.08.06,64000,105타입
464,2018.07.18,65000,105타입
465,2018.03.14,59500,105타입
466,2018.02.09,60000,105타입
467,2018.01.27,58700,105타입
468,2018.01.23,59800,105타입
469,2017.12.31,50800,105타입
470,2017.12.26,58000,105타입
471,2017.12.02,50150,105타입
472,2017.07.22,53800,105타입
473,2017.05.31,52000,105타입
474,2017.05.30,54900,105타입
475,2017.04.20,51500,105타입
476,2016.08.25,49000,105타입
477,2016.07.12,50000,105타입
478,2016.07.05,50500,105타입
479,2016.06.08,46500,105타입
480,2016.05.18,47000,105타입
481,2016.02.18,47800,105타입
482,2016.02.12,46500,105타입
483,2016.01.23,47800,105타입
484,2015.12.26,45000,105타입
485,2015.11.16,46800,105타입
486,2015.11.03,44500,105타입
487,2015.10.14,46000,105타입
488,2015.08.12,45500,105타입
489,2015.08.08,43000,105타입
490,2015.07.23,44000,105타입
491,2015.07.11,42000,105타입
492,2015.07.07,41500,105타입
493,2015.04.22,41800,105타입
494,2015.03.28,41000,105타입
495,2015.02.27,39000,105타입
496,2015.02.26,40500,105타입
497,2015.02.24,38300,105타입
498,2015.02.05,41000,105타입
499,2015.01.14,38700,105타입
500,2015.01.13,34000,105타입
501,2015.01.10,39800,105타입
502,2015.01.03,40500,105타입
503,2014.12.25,38500,105타입
504,2014.11.26,38000,105타입
505,2014.11.16,36000,105타입
506,2014.11.01,37400,105타입
507,2014.09.12,38400,105타입
508,2013.12.21,36750,105타입
509,2013.11.26,38500,105타입
510,2013.10.24,38450,105타입
511,2013.10.09,37000,105타입
512,2013.10.04,37800,105타입
513,2013.07.26,36500,105타입
514,2013.07.08,37500,105타입
515,2013.06.26,29000,105타입
516,2013.06.20,36700,105타입
517,2013.05.02,34500,105타입
518,2013.04.29,35000,105타입
519,2013.02.12,35000,105타입
520,2012.12.27,39700,105타입
521,2012.12.27,36400,105타입
522,2012.12.17,35000,105타입
523,2012.11.26,35000,105타입
524,2012.05.17,40500,105타입
525,2012.05.01,38500,105타입
526,2012.04.18,38150,105타입
527,2011.12.21,41500,105타입
528,2011.11.30,40300,105타입
529,2011.09.03,39000,105타입
530,2011.08.08,40300,105타입
531,2011.07.27,36000,105타입
532,2011.04.16,42500,105타입
533,2011.04.09,44000,105타입
534,2011.01.27,38500,105타입
535,2011.01.25,41500,105타입
536,2010.10.04,41000,105타입
537,2010.02.01,47500,105타입
538,2009.11.26,44000,105타입
539,2009.08.25,48500,105타입
540,2009.08.11,46500,105타입
541,2009.06.26,42000,105타입
542,2009.06.25,46500,105타입
543,2009.06.16,46000,105타입
544,2009.02.19,45000,105타입
545,2006.05.30,32000,105타입
546,2006.05.06,34000,105타입
547,2006.04.14,28900,105타입
548,2006.04.03,27000,105타입
549,2006.03.03,34000,105타입
550,2006.02.14,33000,105타입
551,2006.01.17,29000,105타입
552,2006.01.16,31400,105타입
553,2019.10.12,130000,109타입
554,2019.10.12,128000,109타입
555,2019.08.24,120000,109타입
556,2019.08.01,121000,109타입
557,2019.07.15,126000,109타입
558,2019.07.13,124000,109타입
559,2019.07.03,120500,109타입
560,2019.07.02,114500,109타입
561,2019.06.28,117000,109타입
562,2019.05.25,121000,109타입
563,2019.05.11,114600,109타입
564,2019.04.10,111000,109타입
565,2019.04.06,103000,109타입
566,2019.04.05,100000,109타입
567,2018.10.03,123500,109타입
568,2018.08.13,113500,109타입
569,2018.08.09,116750,109타입
570,2018.07.26,107000,109타입
571,2018.03.31,104400,109타입
572,2018.03.12,87500,109타입
573,2018.01.17,89800,109타입
574,2018.01.10,89500,109타입
575,2017.12.30,89000,109타입
576,2017.12.20,88000,109타입
577,2017.12.09,88000,109타입
578,2017.12.09,88300,109타입
579,2017.12.07,86000,109타입
580,2017.11.15,84500,109타입
581,2017.10.21,86000,109타입
582,2017.09.28,86000,109타입
583,2017.09.13,85000,109타입
584,2017.07.26,82000,109타입
585,2017.07.16,80000,109타입
586,2017.07.04,84500,109타입
587,2017.06.22,80900,109타입
588,2017.05.22,77800,109타입
589,2017.05.14,74000,109타입
590,2017.05.13,77900,109타입
591,2017.05.03,81500,109타입
592,2017.05.02,71000,109타입
593,2017.04.24,75000,109타입
594,2017.03.23,76000,109타입
595,2017.03.18,72500,109타입
596,2017.03.16,70000,109타입
597,2016.11.25,75000,109타입
598,2016.11.23,75500,109타입
599,2016.11.14,75700,109타입
600,2016.11.07,77000,109타입
601,2016.09.12,77000,109타입
602,2016.09.03,73800,109타입
603,2016.08.15,73000,109타입
604,2016.08.10,72000,109타입
605,2016.08.06,74300,109타입
606,2016.07.16,74500,109타입
607,2016.07.15,75500,109타입
608,2016.07.12,73400,109타입
609,2016.06.18,71500,109타입
610,2016.05.26,70700,109타입
611,2016.04.04,68600,109타입
612,2016.03.30,72500,109타입
613,2016.03.12,68500,109타입
614,2016.01.21,71800,109타입
615,2016.01.19,69000,109타입
616,2015.12.11,72300,109타입
617,2015.10.29,72000,109타입
618,2015.10.14,71000,109타입
619,2015.10.03,71000,109타입
620,2015.09.05,71500,109타입
621,2015.08.26,70000,109타입
622,2015.04.28,70000,109타입
623,2015.04.24,70600,109타입
624,2015.04.15,71800,109타입
625,2015.04.07,67800,109타입
626,2015.04.05,69500,109타입
627,2015.04.04,71400,109타입
628,2015.03.24,67200,109타입
629,2015.03.18,69700,109타입
630,2015.03.07,69700,109타입
631,2015.02.07,67000,109타입
632,2015.01.17,66300,109타입
633,2015.01.14,67300,109타입
634,2014.12.16,68400,109타입
635,2014.10.24,69000,109타입
636,2014.10.08,65600,109타입
637,2014.10.02,65000,109타입
638,2014.09.13,67000,109타입
639,2014.09.10,66800,109타입
640,2014.07.30,67700,109타입
641,2014.05.14,59800,109타입
642,2014.05.13,64000,109타입
643,2014.04.09,64000,109타입
644,2014.03.24,65000,109타입
645,2014.03.08,64000,109타입
646,2014.02.15,63000,109타입
647,2013.12.20,65000,109타입
648,2013.12.19,64000,109타입
649,2013.11.11,59500,109타입
650,2013.09.24,65000,109타입
651,2013.09.07,63300,109타입
652,2013.09.07,63000,109타입
653,2013.05.16,64300,109타입
654,2013.04.15,63000,109타입
655,2013.04.12,62500,109타입
656,2013.04.11,67450,109타입
657,2013.02.05,64000,109타입
658,2013.01.11,62000,109타입
659,2012.11.27,72000,109타입
660,2012.11.07,64500,109타입
661,2012.06.30,66000,109타입
662,2012.03.07,56000,109타입
663,2012.02.23,66000,109타입
664,2012.02.16,67000,109타입
665,2011.12.22,70500,109타입
666,2011.12.14,66500,109타입
667,2011.12.10,69800,109타입
668,2011.08.22,70000,109타입
669,2011.07.25,63000,109타입
670,2011.07.12,71000,109타입
671,2011.05.14,66250,109타입
672,2011.04.29,70000,109타입
673,2011.04.13,70000,109타입
674,2011.03.15,72200,109타입
675,2011.02.21,73000,109타입
676,2011.02.14,73000,109타입
677,2011.01.21,73000,109타입
678,2010.12.16,70000,109타입
679,2010.11.26,68000,109타입
680,2010.11.10,70000,109타입
681,2010.09.20,70000,109타입
682,2010.07.03,63500,109타입
683,2010.06.19,68000,109타입
684,2010.04.01,68000,109타입
685,2010.02.16,72000,109타입
686,2010.02.05,70500,109타입
687,2009.10.07,74800,109타입
688,2009.09.16,74300,109타입
689,2009.09.07,76500,109타입
690,2009.08.11,74750,109타입
691,2009.07.22,71500,109타입
692,2009.07.22,73000,109타입
693,2009.07.09,72000,109타입
694,2009.06.30,64300,109타입
695,2009.06.30,66000,109타입
696,2009.06.30,72000,109타입
697,2009.06.27,71500,109타입
698,2009.06.20,70000,109타입
699,2009.06.18,65000,109타입
700,2009.05.09,68000,109타입
701,2009.05.04,68400,109타입
702,2009.02.14,64700,109타입
703,2009.02.10,67000,109타입
704,2009.02.06,65300,109타입
705,2008.10.03,72000,109타입
706,2008.06.13,68500,109타입
707,2008.06.04,71000,109타입
708,2008.05.30,71000,109타입
709,2008.04.16,73000,109타입
710,2008.03.13,76000,109타입
711,2008.03.05,67800,109타입
712,2007.12.31,76000,109타입
713,2007.11.28,69750,109타입
714,2007.11.21,69500,109타입
715,2007.09.22,74300,109타입
716,2006.12.08,73700,109타입
717,2006.12.01,78700,109타입
718,2006.11.07,78700,109타입
719,2006.11.02,76000,109타입
720,2006.10.28,67800,109타입
721,2006.10.26,74500,109타입
722,2006.03.31,67000,109타입
723,2006.03.25,72700,109타입
724,2006.01.31,64700,109타입
725,2019.11.04,104000,102타입
726,2019.10.28,110000,102타입
727,2019.10.26,107000,102타입
728,2019.10.18,105000,102타입
729,2019.09.03,94180,102타입
730,2019.08.24,103000,102타입
731,2019.08.11,109700,102타입
732,2019.07.05,97000,102타입
733,2019.06.22,106000,102타입
734,2019.06.19,99500,102타입
735,2019.06.12,96800,103B
736,2019.06.08,100000,102타입
737,2019.05.29,97500,102타입
738,2019.03.15,91800,102타입
739,2018.09.05,110000,103B
740,2018.08.27,105000,102타입
741,2018.08.25,102000,102타입
742,2018.08.08,88500,102타입
743,2018.08.08,94000,102타입
744,2018.07.31,95000,102타입
745,2018.06.24,90000,102타입
746,2017.12.08,81000,102타입
747,2017.12.04,81500,102타입
748,2017.11.11,84000,102타입
749,2017.09.21,75000,102타입
750,2017.07.18,67000,102타입
751,2017.06.08,74000,102타입
752,2017.06.03,71000,102타입
753,2017.05.31,67000,102타입
754,2017.05.29,70500,102타입
755,2017.05.13,70000,102타입
756,2017.05.08,65000,102타입
757,2017.04.28,70000,102타입
758,2017.03.11,64500,102타입
759,2016.10.22,69000,102타입
760,2016.10.19,69000,102타입
761,2016.10.16,68500,102타입
762,2016.09.08,61500,102타입
763,2016.09.03,66000,103B
764,2016.06.11,55000,102타입
765,2016.05.12,59000,102타입
766,2016.01.16,54500,102타입
767,2016.01.05,56500,102타입
768,2015.11.09,56000,102타입
769,2015.10.10,55000,102타입
770,2015.06.28,58500,102타입
771,2015.06.18,55000,102타입
772,2015.06.04,56500,103B
773,2015.04.23,52000,102타입
774,2015.03.26,52000,102타입
775,2015.03.24,55000,102타입
776,2015.03.07,51000,102타입
777,2015.03.04,53300,102타입
778,2015.02.25,53000,102타입
779,2015.02.25,51000,102타입
780,2015.01.07,48000,102타입
781,2014.11.20,52700,102타입
782,2014.11.11,52500,102타입
783,2014.09.24,49000,102타입
784,2014.09.16,53000,102타입
785,2014.08.29,52500,103B
786,2014.07.19,49500,102타입
787,2014.03.14,47200,102타입
788,2014.02.19,50000,102타입
789,2014.02.12,50000,102타입
790,2013.12.04,49700,102타입
791,2013.08.21,44000,102타입
792,2013.08.14,46500,102타입
793,2013.07.27,43500,102타입
794,2013.07.03,47900,102타입
795,2012.10.30,45000,102타입
796,2012.04.20,45000,102타입
797,2012.02.05,48700,102타입
798,2011.07.23,50900,102타입
799,2011.07.20,51500,102타입
800,2011.07.02,49700,102타입
801,2011.04.12,52000,102타입
802,2011.04.06,50500,102타입
803,2010.12.17,49400,102타입
804,2010.12.14,51000,102타입
805,2010.12.11,49500,102타입
806,2010.12.04,48500,102타입
807,2010.10.15,47000,102타입
808,2010.08.14,48000,102타입
809,2009.11.20,55000,102타입
810,2009.07.25,56000,102타입
811,2009.07.18,53000,102타입
812,2009.06.24,55000,102타입
813,2009.06.15,52500,102타입
814,2009.06.03,53000,102타입
815,2009.04.11,50000,102타입
816,2009.03.27,52500,102타입
817,2009.01.29,50000,102타입
818,2008.07.05,55000,102타입
819,2008.05.06,54750,102타입
820,2008.01.22,55000,102타입
821,2008.01.17,55000,102타입
822,2007.07.06,55000,102타입
823,2006.12.01,57000,102타입
824,2006.11.27,59500,102타입
825,2006.11.01,57000,102타입
826,2006.10.18,51500,103B
827,2006.04.05,47700,102타입
828,2006.03.22,46500,102타입
829,2006.02.17,39300,102타입
830,2006.01.26,43000,102타입
831,2006.01.24,34600,102타입
832,2006.01.02,38000,102타입
833,계약일,가격0000,타입
834,2019.10.26,116000,109타입
835,2019.10.09,113700,109타입
836,2019.08.23,111000,109타입
837,2019.07.26,116500,109타입
838,2019.07.06,115000,109타입
839,2019.06.01,114700,109타입
840,2019.04.19,110000,109타입
841,2018.11.06,118000,109타입
842,2018.08.22,110000,109타입
843,2018.08.15,95000,109타입
844,2018.06.09,99000,109타입
845,2018.01.27,99500,109타입
846,2018.01.17,97000,109타입
847,2018.01.06,87000,109타입
848,2017.09.22,84500,109타입
849,2017.06.06,74500,109타입
850,2017.05.30,71000,109타입
851,2017.04.27,71000,109타입
852,2017.04.27,72000,109타입
853,2017.04.03,71000,109타입
854,2017.04.01,71000,109타입
855,2017.03.25,73000,109타입
856,2017.03.22,71000,109타입
857,2017.03.18,70500,109타입
858,2016.12.04,73500,109타입
859,2016.10.19,69500,109타입
860,2016.08.02,62000,109타입
861,2016.07.18,65000,109타입
862,2016.07.02,62000,109타입
863,2016.06.24,60000,109타입
864,2016.06.22,61000,109타입
865,2016.06.21,63000,109타입
866,2016.06.14,60000,109타입
867,2016.06.04,62000,109타입
868,2016.05.21,60000,109타입
869,2016.05.02,65000,109타입
870,2016.03.29,61400,109타입
871,2016.03.22,58000,109타입
872,2016.03.10,61800,109타입
873,2016.01.19,60000,109타입
874,2016.01.12,61000,109타입
875,2015.12.19,61000,109타입
876,2015.11.26,60000,109타입
877,2015.10.18,62000,109타입
878,2015.08.13,62000,109타입
879,2015.06.13,60000,109타입
880,2015.06.12,63000,109타입
881,2015.06.01,63000,109타입
882,2015.05.11,62000,109타입
883,2015.04.30,55000,109타입
884,2015.03.19,59000,109타입
885,2015.03.14,60000,109타입
886,2015.02.24,56000,109타입
887,2015.02.13,55500,109타입
888,2015.02.09,57000,109타입
889,2015.01.10,55000,109타입
890,2014.12.23,57000,109타입
891,2014.11.20,57000,109타입
892,2014.11.07,55000,109타입
893,2014.10.27,55800,109타입
894,2014.09.04,56150,109타입
895,2014.07.31,55000,109타입
896,2014.06.24,51500,109타입
897,2014.06.19,49300,109타입
898,2014.06.13,52000,109타입
899,2014.01.28,54000,109타입
900,2014.01.20,52500,109타입
901,2014.01.09,52800,109타입
902,2013.11.24,51000,109타입
903,2013.10.19,50800,109타입
904,2013.08.09,51000,109타입
905,2013.05.31,52500,109타입
906,2013.03.27,54050,109타입
907,2012.08.20,49400,109타입
908,2012.05.11,54400,109타입
909,2012.05.08,53800,109타입
910,2012.03.24,52700,109타입
911,2011.08.23,57000,109타입
912,2011.04.16,60000,109타입
913,2011.03.24,60000,109타입
914,2011.01.15,60500,109타입
915,2010.12.12,60500,109타입
916,2010.11.24,63000,109타입
917,2010.11.12,59000,109타입
918,2010.09.10,61700,109타입
919,2010.03.30,60000,109타입
920,2010.03.23,62000,109타입
921,2010.03.11,62000,109타입
922,2010.03.03,62500,109타입
923,2009.12.30,62000,109타입
924,2009.06.30,61000,109타입
925,2009.05.11,59000,109타입
926,2009.04.20,50000,109타입
927,2009.01.29,65000,109타입
928,2008.06.04,64750,109타입
929,2008.05.30,63000,109타입
930,2008.03.30,64000,109타입
931,2008.01.21,64800,109타입
932,2007.10.05,64950,109타입
933,2007.09.17,64000,109타입
934,2007.05.23,59500,109타입
935,2006.10.09,61000,109타입
936,2006.10.02,57000,109타입
937,2006.09.16,59000,109타입
938,2006.05.09,53500,109타입
939,2006.04.26,58600,109타입
940,2006.04.25,47300,109타입
941,2006.04.19,53500,109타입
942,2006.04.12,47000,109타입
943,2006.04.11,55000,109타입
944,2006.04.05,54000,109타입
945,2006.02.06,49000,109타입
946,2006.01.25,49500,109타입
947,2006.01.19,40000,109타입
948,2006.01.17,49500,109타입
949,2019.11.06,119500,103타입
950,2019.11.05,122000,103타입
951,2019.10.28,122000,103타입
952,2019.10.12,124000,103타입
953,2019.10.11,109700,103타입
954,2019.10.08,109500,103타입
955,2019.10.03,105000,103타입
956,2019.10.03,111000,103타입
957,2019.09.30,107500,103타입
958,2019.09.28,102500,103타입
959,2019.09.28,110000,103타입
960,2019.09.28,106000,103타입
961,2019.09.27,107500,103타입
962,2019.09.25,96000,103타입
963,2019.09.25,109000,103타입
964,2019.09.24,106000,103타입
965,2019.09.22,107000,103타입
966,2019.09.21,110000,103타입
967,2019.09.18,110000,103타입
968,2019.09.10,105500,103타입
969,2019.08.31,104000,103타입
970,2019.08.31,104000,103타입
971,2019.08.24,103500,103타입
972,2019.08.19,105000,103타입
973,2019.08.17,93500,103타입
974,2019.08.16,98000,103타입
975,2019.08.07,105000,103타입
976,2019.07.30,105000,103타입
977,2019.07.25,104250,103타입
978,2019.07.20,105700,103타입
979,2019.07.12,85000,103타입
980,2019.07.05,104000,103타입
981,2019.07.03,103000,103타입
982,2019.07.03,98000,103타입
983,2019.06.26,105000,103타입
984,2019.06.24,110000,103타입
985,2019.06.22,103000,103타입
986,2019.06.22,113000,103타입
987,2019.06.19,99000,103타입
988,2019.06.12,104000,103타입
989,2019.06.05,96000,103타입
990,2019.06.05,77000,103타입
991,2019.06.03,100000,103타입
992,2019.05.25,94000,103타입
993,2019.05.24,88000,103타입
994,2019.05.23,96100,103타입
995,2019.05.18,95000,103타입
996,2019.05.17,94000,103타입
997,2019.05.01,92000,103타입
998,2019.03.30,99000,103타입
999,2019.03.29,87500,103타입
1000,2019.03.28,90000,103타입
1001,2019.02.13,96000,103타입
1002,2018.11.30,105000,103타입
1003,2018.11.17,108000,103타입
1004,2018.10.08,115000,103타입
1005,2018.10.06,94000,103타입
1006,2018.10.05,100000,103타입
1007,2018.10.01,112000,103타입
1008,2018.09.17,114000,103타입
1009,2018.09.15,110000,103타입
1010,2018.09.13,100000,103타입
1011,2018.09.12,100000,103타입
1012,2018.09.08,99200,103타입
1013,2018.09.05,98000,103타입
1014,2018.09.02,100000,103타입
1015,2018.09.01,90000,103타입
1016,2018.08.24,98500,103타입
1017,2018.08.20,97000,103타입
1018,2018.08.16,96000,103타입
1019,2018.08.15,89500,103타입
1020,2018.08.14,89800,103타입
1021,2018.08.13,90000,103타입
1022,2018.08.11,90000,103타입
1023,2018.08.09,89000,103타입
1024,2018.08.09,94000,103타입
1025,2018.08.09,89500,103타입
1026,2018.08.08,89000,103타입
1027,2018.08.08,95800,103타입
1028,2018.08.08,89800,103타입
1029,2018.08.07,89000,103타입
1030,2018.08.07,90000,103타입
1031,2018.08.07,90000,103타입
1032,2018.08.06,95000,103타입
1033,2018.08.06,92000,103타입
1034,2018.07.27,88000,103타입
1035,2018.07.20,89500,103타입
1036,2018.07.04,95000,103타입
1037,2018.07.02,90000,103타입
1038,2018.06.13,88400,103타입
1039,2018.05.19,90000,103타입
1040,2018.05.17,93800,103타입
1041,2018.05.09,90000,103타입
1042,2018.03.30,92500,103타입
1043,2018.03.28,90000,103타입
1044,2018.03.08,89000,103타입
1045,2018.03.03,90000,103타입
1046,2018.03.03,93500,103타입
1047,2018.02.22,92000,103타입
1048,2018.02.12,92000,103타입
1049,2018.02.05,77500,103타입
1050,2018.01.27,93000,103타입
1051,2018.01.25,92500,103타입
1052,2018.01.20,90000,103타입
1053,2018.01.12,92800,103타입
1054,2018.01.06,93000,103타입
1055,2017.12.22,85000,103타입
1056,2017.12.22,89500,103타입
1057,2017.12.22,84700,103타입
1058,2017.12.18,83500,103타입
1059,2017.12.15,86000,103타입
1060,2017.12.07,83000,103타입
1061,2017.12.05,81000,103타입
1062,2017.12.02,82000,103타입
1063,2017.11.29,88000,103타입
1064,2017.11.28,85300,103타입
1065,2017.11.25,84500,103타입
1066,2017.11.25,86850,103타입
1067,2017.11.21,82500,103타입
1068,2017.11.15,76000,103타입
1069,2017.11.15,81500,103타입
1070,2017.11.13,83300,103타입
1071,2017.11.08,80500,103타입
1072,2017.11.07,78000,103타입
1073,2017.11.06,78000,103타입
1074,2017.11.06,83500,103타입
1075,2017.11.03,82500,103타입
1076,2017.10.31,78800,103타입
1077,2017.10.30,82500,103타입
1078,2017.10.28,80700,103타입
1079,2017.10.27,81300,103타입
1080,2017.10.23,79000,103타입
1081,2017.10.21,77800,103타입
1082,2017.10.17,76800,103타입
1083,2017.10.16,77000,103타입
1084,2017.10.14,82000,103타입
1085,2017.09.30,82000,103타입
1086,2017.09.28,82000,103타입
1087,2017.09.26,75500,103타입
1088,2017.09.23,76000,103타입
1089,2017.09.21,83700,103타입
1090,2017.09.15,80000,103타입
1091,2017.09.06,78000,103타입
1092,2017.08.26,76000,103타입
1093,2017.08.19,82000,103타입
1094,2017.08.17,74100,103타입
1095,2017.08.16,70000,103타입
1096,2017.08.15,82000,103타입
1097,2017.07.31,79000,103타입
1098,2017.07.29,76500,103타입
1099,2017.07.29,76600,103타입
1100,2017.07.29,79000,103타입
1101,2017.07.29,71000,103타입
1102,2017.07.29,78300,103타입
1103,2017.07.28,79000,103타입
1104,2017.07.28,78000,103타입
1105,2017.07.27,78000,103타입
1106,2017.07.27,80000,103타입
1107,2017.07.27,79500,103타입
1108,2017.07.26,75000,103타입
1109,2017.07.24,75200,103타입
1110,2017.07.16,80000,103타입
1111,2017.07.15,79000,103타입
1112,2017.07.15,78000,103타입
1113,2017.07.15,74000,103타입
1114,2017.07.15,76700,103타입
1115,2017.07.15,75000,103타입
1116,2017.07.15,75000,103타입
1117,2017.07.13,79500,103타입
1118,2017.07.13,72000,103타입
1119,2017.07.07,81000,103타입
1120,2017.06.24,72700,103타입
1121,2017.06.18,75000,103타입
1122,2017.06.14,76000,103타입
1123,2017.06.06,79800,103타입
1124,2017.06.05,74000,103타입
1125,2017.06.05,70000,103타입
1126,2017.06.03,78000,103타입
1127,2017.06.03,78000,103타입
1128,2017.06.01,80500,103타입
1129,2017.05.31,75000,103타입
1130,2017.05.30,74700,103타입
1131,2017.05.29,73700,103타입
1132,2017.05.27,73500,103타입
1133,2017.05.27,80500,103타입
1134,2017.05.27,79500,103타입
1135,2017.05.27,79500,103타입
1136,2017.05.23,70800,103타입
1137,2017.05.23,73500,103타입
1138,2017.05.22,72000,103타입
1139,2017.05.21,73000,103타입
1140,2017.05.20,68500,103타입
1141,2017.05.20,76000,103타입
1142,2017.05.20,73000,103타입
1143,2017.05.17,74000,103타입
1144,2017.05.17,73800,103타입
1145,2017.05.16,72000,103타입
1146,2017.05.16,71000,103타입
1147,2017.05.15,72800,103타입
1148,2017.05.12,72400,103타입
1149,2017.05.12,71000,103타입
1150,2017.05.10,71500,103타입
1151,2017.05.10,69000,103타입
1152,2017.05.02,68000,103타입
1153,2017.04.28,70000,103타입
1154,2017.04.26,71500,103타입
1155,2017.04.17,72000,103타입
1156,2017.04.07,71000,103타입
1157,2017.03.31,72000,103타입
1158,2017.03.06,73000,103타입
1159,2017.02.25,66500,103타입
1160,2017.02.23,74000,103타입
1161,2017.02.23,70000,103타입
1162,2017.01.16,71200,103타입
1163,2017.01.14,71000,103타입
1164,2016.11.19,76800,103타입
1165,2016.11.10,79500,103타입
1166,2016.11.07,71000,103타입
1167,2016.11.03,76000,103타입
1168,2016.11.02,73000,103타입
1169,2016.11.01,76800,103타입
1170,2016.10.29,79000,103타입
1171,2016.10.26,77000,103타입
1172,2016.10.25,77000,103타입
1173,2016.10.19,75000,103타입
1174,2016.10.17,79750,103타입
1175,2016.10.15,74700,103타입
1176,2016.10.15,70500,103타입
1177,2016.10.13,71000,103타입
1178,2016.10.12,70800,103타입
1179,2016.10.12,67000,103타입
1180,2016.10.08,74000,103타입
1181,2016.10.07,69750,103타입
1182,2016.10.03,70000,103타입
1183,2016.10.01,73000,103타입
1184,2016.09.30,71500,103타입
1185,2016.09.27,71000,103타입
1186,2016.09.10,69000,103타입
1187,2016.09.10,70800,103타입
1188,2016.09.10,73700,103타입
1189,2016.09.08,71900,103타입
1190,2016.09.08,75000,103타입
1191,2016.09.02,74000,103타입
1192,2016.09.01,70000,103타입
1193,2016.09.01,74500,103타입
1194,2016.08.27,70300,103타입
1195,2016.08.26,75000,103타입
1196,2016.08.26,70000,103타입
1197,2016.08.25,69400,103타입
1198,2016.08.20,69000,103타입
1199,2016.08.20,74000,103타입
1200,2016.08.17,73700,103타입
1201,2016.08.15,73200,103타입
1202,2016.08.13,71000,103타입
1203,2016.08.05,72000,103타입
1204,2016.07.25,70000,103타입
1205,2016.07.23,70500,103타입
1206,2016.07.21,68300,103타입
1207,2016.07.20,68500,103타입
1208,2016.07.16,70000,103타입
1209,2016.07.16,70200,103타입
1210,2016.07.12,72000,103타입
1211,2016.07.08,69300,103타입
1212,2016.07.02,65000,103타입
1213,2016.07.02,64700,103타입
1214,2016.06.27,74000,103타입
1215,2016.06.23,70000,103타입
1216,2016.06.23,67000,103타입
1217,2016.06.22,68000,103타입
1218,2016.06.20,64000,103타입
1219,2016.06.17,67000,103타입
1220,2016.06.16,74000,103타입
1221,2016.06.14,73700,103타입
1222,2016.06.14,66900,103타입
1223,2016.06.11,66600,103타입
1224,2016.06.11,72000,103타입
1225,2016.06.09,71500,103타입
1226,2016.06.06,67000,103타입
1227,2016.06.06,73500,103타입
1228,2016.06.02,65800,103타입
1229,2016.06.01,68000,103타입
1230,2016.05.31,67000,103타입
1231,2016.05.31,64900,103타입
1232,2016.05.31,67900,103타입
1233,2016.05.30,70000,103타입
1234,2016.05.28,64800,103타입
1235,2016.05.28,70800,103타입
1236,2016.05.21,68000,103타입
1237,2016.05.21,66700,103타입
1238,2016.05.20,65500,103타입
1239,2016.05.20,66200,103타입
1240,2016.05.19,60000,103타입
1241,2016.05.18,66350,103타입
1242,2016.05.17,64500,103타입
1243,2016.05.16,65000,103타입
1244,2016.05.16,63300,103타입
1245,2016.05.16,66500,103타입
1246,2016.05.10,65000,103타입
1247,2016.05.04,67700,103타입
1248,2016.04.27,71000,103타입
1249,2016.04.25,71900,103타입
1250,2016.04.21,70000,103타입
1251,2016.04.20,65000,103타입
1252,2016.04.18,63500,103타입
1253,2016.04.15,67800,103타입
1254,2016.04.15,60000,103타입
1255,2016.04.14,63000,103타입
1256,2016.04.14,71300,103타입
1257,2016.04.13,67000,103타입
1258,2016.04.13,66500,103타입
1259,2016.04.12,65500,103타입
1260,2016.04.09,68500,103타입
1261,2016.04.02,68000,103타입
1262,2016.03.31,70000,103타입
1263,2016.03.20,66000,103타입
1264,2016.03.19,73000,103타입
1265,2016.03.16,64500,103타입
1266,2016.03.15,65900,103타입
1267,2016.03.10,62500,103타입
1268,2016.02.19,64000,103타입
1269,2016.02.13,71800,103타입
1270,2016.01.27,68300,103타입
1271,2016.01.25,64000,103타입
1272,2016.01.22,68000,103타입
1273,2016.01.18,66700,103타입
1274,2016.01.12,63000,103타입
1275,2016.01.04,62900,103타입
1276,2015.12.28,61500,103타입
1277,2015.12.25,66500,103타입
1278,2015.12.12,69900,103타입
1279,2015.12.05,69000,103타입
1280,2015.12.03,65500,103타입
1281,2015.12.01,72000,103타입
1282,2015.11.30,71500,103타입
1283,2015.11.26,63500,103타입
1284,2015.11.25,72200,103타입
1285,2015.11.24,65000,103타입
1286,2015.11.20,67500,103타입
1287,2015.11.14,65000,103타입
1288,2015.11.11,66800,103타입
1289,2015.11.11,66000,103타입
1290,2015.11.07,66000,103타입
1291,2015.11.06,65000,103타입
1292,2015.11.06,64900,103타입
1293,2015.11.05,62800,103타입
1294,2015.11.05,65500,103타입
1295,2015.10.31,65400,103타입
1296,2015.10.31,62500,103타입
1297,2015.10.28,69000,103타입
1298,2015.10.27,72000,103타입
1299,2015.10.24,66700,103타입
1300,2015.10.23,64600,103타입
1301,2015.10.20,72500,103타입
1302,2015.10.20,65000,103타입
1303,2015.10.17,64000,103타입
1304,2015.10.17,67800,103타입
1305,2015.10.17,64300,103타입
1306,2015.10.16,65500,103타입
1307,2015.10.15,65000,103타입
1308,2015.10.14,64500,103타입
1309,2015.10.11,64000,103타입
1310,2015.10.03,66800,103타입
1311,2015.10.01,63500,103타입
1312,2015.09.23,60000,103타입
1313,2015.09.21,60000,103타입
1314,2015.09.17,60000,103타입
1315,2015.09.17,67700,103타입
1316,2015.09.16,64750,103타입
1317,2015.09.12,68250,103타입
1318,2015.08.31,65400,103타입
1319,2015.08.29,62000,103타입
1320,2015.08.28,73800,103타입
1321,2015.08.27,63000,103타입
1322,2015.08.24,62000,103타입
1323,2015.08.15,66800,103타입
1324,2015.08.05,60000,103타입
1325,2015.07.22,60000,103타입
1326,2015.07.07,65900,103타입
1327,2015.07.04,62500,103타입
1328,2015.07.04,60000,103타입
1329,2015.07.01,60000,103타입
1330,2015.06.28,64900,103타입
1331,2015.06.27,57300,103타입
1332,2015.06.27,66550,103타입
1333,2015.06.27,60000,103타입
1334,2015.06.23,62500,103타입
1335,2015.06.14,67000,103타입
1336,2015.06.14,62000,103타입
1337,2015.06.06,65200,103타입
1338,2015.06.06,61800,103타입
1339,2015.06.01,60000,103타입
1340,2015.06.01,69600,103타입
1341,2015.05.30,60000,103타입
1342,2015.05.30,61000,103타입
1343,2015.05.26,63000,103타입
1344,2015.05.21,65800,103타입
1345,2015.05.19,56500,103타입
1346,2015.05.18,60000,103타입
1347,2015.05.18,66100,103타입
1348,2015.05.12,59800,103타입
1349,2015.04.29,60000,103타입
1350,2015.04.21,61750,103타입
1351,2015.04.21,59900,103타입
1352,2015.04.20,62300,103타입
1353,2015.04.20,60000,103타입
1354,2015.04.20,64500,103타입
1355,2015.04.18,63900,103타입
1356,2015.04.18,61500,103타입
1357,2015.04.13,69500,103타입
1358,2015.04.13,57000,103타입
1359,2015.04.09,64700,103타입
1360,2015.04.08,64500,103타입
1361,2015.04.06,66000,103타입
1362,2015.04.06,62800,103타입
1363,2015.04.02,63500,103타입
1364,2015.03.28,66500,103타입
1365,2015.03.28,59000,103타입
1366,2015.03.18,60000,103타입
1367,2015.03.12,64000,103타입
1368,2015.03.11,65000,103타입
1369,2015.03.09,65000,103타입
1370,2015.03.07,62000,103타입
1371,2015.03.07,60000,103타입
1372,2015.03.07,58000,103타입
1373,2015.03.07,58500,103타입
1374,2015.03.02,61500,103타입
1375,2015.02.26,60000,103타입
1376,2015.02.25,62750,103타입
1377,2015.02.14,59500,103타입
1378,2015.02.12,65000,103타입
1379,2015.02.07,58100,103타입
1380,2015.02.07,64000,103타입
1381,2015.02.03,57300,103타입
1382,2015.02.02,60000,103타입
1383,2015.02.02,59300,103타입
1384,2015.01.16,58000,103타입
1385,2015.01.13,62500,103타입
1386,2015.01.07,67500,103타입
1387,2014.12.31,59300,103타입
1388,2014.12.31,59700,103타입
1389,2014.12.20,62500,103타입
1390,2014.12.15,62000,103타입
1391,2014.12.15,59300,103타입
1392,2014.12.11,60000,103타입
1393,2014.12.03,65000,103타입
1394,2014.11.29,60000,103타입
1395,2014.11.22,59800,103타입
1396,2014.11.22,62500,103타입
1397,2014.11.19,60000,103타입
1398,2014.11.17,53500,103타입
1399,2014.11.14,60000,103타입
1400,2014.11.10,58500,103타입
1401,2014.11.10,59500,103타입
1402,2014.11.07,60000,103타입
1403,2014.10.28,58000,103타입
1404,2014.10.15,61900,103타입
1405,2014.10.13,64500,103타입
1406,2014.10.10,56500,103타입
1407,2014.10.09,64000,103타입
1408,2014.10.02,60000,103타입
1409,2014.09.30,62500,103타입
1410,2014.09.29,62000,103타입
1411,2014.09.26,60000,103타입
1412,2014.09.22,58800,103타입
1413,2014.09.21,58000,103타입
1414,2014.09.20,56500,103타입
1415,2014.09.20,60000,103타입
1416,2014.09.19,58500,103타입
1417,2014.09.15,55000,103타입
1418,2014.09.13,56000,103타입
1419,2014.09.12,57000,103타입
1420,2014.09.06,58500,103타입
1421,2014.09.05,58000,103타입
1422,2014.09.03,58000,103타입
1423,2014.09.03,61000,103타입
1424,2014.09.01,52000,103타입
1425,2014.09.01,60000,103타입
1426,2014.08.22,53000,103타입
1427,2014.08.19,56000,103타입
1428,2014.08.14,54800,103타입
1429,2014.08.14,58700,103타입
1430,2014.08.12,51700,103타입
1431,2014.08.09,51300,103타입
1432,2014.08.07,57000,103타입
1433,2014.07.24,58000,103타입
1434,2014.07.23,51000,103타입
1435,2014.07.20,62200,103타입
1436,2014.07.19,64000,103타입
1437,2014.07.11,53300,103타입
1438,2014.07.04,56900,103타입
1439,2014.06.28,60000,103타입
1440,2014.06.21,58300,103타입
1441,2014.06.19,61200,103타입
1442,2014.06.16,56000,103타입
1443,2014.06.14,57000,103타입
1444,2014.06.14,58000,103타입
1445,2014.06.06,58000,103타입
1446,2014.06.03,54000,103타입
1447,2014.05.17,63000,103타입
1448,2014.05.12,57000,103타입
1449,2014.05.08,55500,103타입
1450,2014.05.07,56000,103타입
1451,2014.05.03,59000,103타입
1452,2014.04.28,63500,103타입
1453,2014.04.26,56000,103타입
1454,2014.04.23,57300,103타입
1455,2014.04.17,52000,103타입
1456,2014.04.16,57000,103타입
1457,2014.04.10,59700,103타입
1458,2014.04.05,58500,103타입
1459,2014.04.03,54000,103타입
1460,2014.03.28,53800,103타입
1461,2014.03.22,56800,103타입
1462,2014.03.13,62000,103타입
1463,2014.03.13,58000,103타입
1464,2014.03.03,59000,103타입
1465,2014.02.24,55250,103타입
1466,2014.02.22,55000,103타입
1467,2014.02.21,62000,103타입
1468,2014.02.15,53980,103타입
1469,2014.02.15,62800,103타입
1470,2014.02.07,55000,103타입
1471,2014.01.22,57000,103타입
1472,2014.01.15,53500,103타입
1473,2014.01.14,57000,103타입
1474,2014.01.11,55300,103타입
1475,2014.01.11,54000,103타입
1476,2014.01.06,59600,103타입
1477,2014.01.04,51000,103타입
1478,2013.12.30,54900,103타입
1479,2013.12.30,57000,103타입
1480,2013.12.30,57000,103타입
1481,2013.12.26,55950,103타입
1482,2013.12.24,62000,103타입
1483,2013.12.22,54500,103타입
1484,2013.12.19,59500,103타입
1485,2013.12.13,53500,103타입
1486,2013.12.10,59500,103타입
1487,2013.12.09,50000,103타입
1488,2013.12.05,50900,103타입
1489,2013.12.05,53000,103타입
1490,2013.12.03,54700,103타입
1491,2013.11.29,56800,103타입
1492,2013.11.26,56000,103타입
1493,2013.11.23,53000,103타입
1494,2013.11.19,56900,103타입
1495,2013.11.18,55250,103타입
1496,2013.11.17,50000,103타입
1497,2013.11.13,58500,103타입
1498,2013.11.02,59900,103타입
1499,2013.10.31,52000,103타입
1500,2013.10.26,51000,103타입
1501,2013.10.19,50700,103타입
1502,2013.10.18,58000,103타입
1503,2013.10.16,49000,103타입
1504,2013.10.12,52000,103타입
1505,2013.10.12,53300,103타입
1506,2013.10.09,59900,103타입
1507,2013.10.09,58000,103타입
1508,2013.10.09,59800,103타입
1509,2013.10.05,57000,103타입
1510,2013.10.04,49000,103타입
1511,2013.10.04,51500,103타입
1512,2013.09.24,55000,103타입
1513,2013.09.23,53700,103타입
1514,2013.09.16,53800,103타입
1515,2013.09.14,52000,103타입
1516,2013.09.14,59500,103타입
1517,2013.09.07,53000,103타입
1518,2013.09.05,55000,103타입
1519,2013.08.31,55900,103타입
1520,2013.08.30,51000,103타입
1521,2013.08.29,57800,103타입
1522,2013.08.27,56000,103타입
1523,2013.08.26,60000,103타입
1524,2013.08.20,50500,103타입
1525,2013.08.16,59800,103타입
1526,2013.08.14,50000,103타입
1527,2013.08.08,56500,103타입
1528,2013.07.28,49000,103타입
1529,2013.07.23,50600,103타입
1530,2013.07.12,48600,103타입
1531,2013.07.08,50900,103타입
1532,2013.06.29,52500,103타입
1533,2013.06.26,52300,103타입
1534,2013.06.25,52500,103타입
1535,2013.06.22,53000,103타입
1536,2013.06.02,57800,103타입
1537,2013.06.01,50000,103타입
1538,2013.05.28,52300,103타입
1539,2013.05.27,57000,103타입
1540,2013.05.25,57300,103타입
1541,2013.05.24,58000,103타입
1542,2013.05.22,50900,103타입
1543,2013.05.21,55000,103타입
1544,2013.05.16,58500,103타입
1545,2013.05.16,51000,103타입
1546,2013.05.13,59000,103타입
1547,2013.05.12,56200,103타입
1548,2013.05.08,54000,103타입
1549,2013.05.07,49500,103타입
1550,2013.05.04,52800,103타입
1551,2013.05.03,60000,103타입
1552,2013.05.01,45000,103타입
1553,2013.05.01,53400,103타입
1554,2013.04.27,52000,103타입
1555,2013.04.26,49900,103타입
1556,2013.04.22,58700,103타입
1557,2013.04.21,55500,103타입
1558,2013.04.20,52800,103타입
1559,2013.04.19,57800,103타입
1560,2013.04.19,51000,103타입
1561,2013.04.17,54000,103타입
1562,2013.04.09,51000,103타입
1563,2013.04.01,50000,103타입
1564,2013.03.21,55000,103타입
1565,2013.03.16,49300,103타입
1566,2013.03.16,58000,103타입
1567,2013.03.16,51500,103타입
1568,2013.03.13,60000,103타입
1569,2013.03.13,54000,103타입
1570,2013.03.09,53700,103타입
1571,2013.03.04,49900,103타입
1572,2013.03.03,50000,103타입
1573,2013.03.01,55000,103타입
1574,2013.02.23,50500,103타입
1575,2013.01.29,53000,103타입
1576,2013.01.22,48500,103타입
1577,2013.01.14,51250,103타입
1578,2013.01.12,49300,103타입
1579,2012.12.13,58000,103타입
1580,2012.12.04,55000,103타입
1581,2012.12.01,51500,103타입
1582,2012.11.17,52500,103타입
1583,2012.11.15,51700,103타입
1584,2012.11.10,52500,103타입
1585,2012.10.31,49000,103타입
1586,2012.10.31,60300,103타입
1587,2012.10.26,52000,103타입
1588,2012.10.20,51500,103타입
1589,2012.10.06,50700,103타입
1590,2012.09.17,52500,103타입
1591,2012.09.14,59000,103타입
1592,2012.09.14,51000,103타입
1593,2012.09.07,53000,103타입
1594,2012.08.25,51500,103타입
1595,2012.08.22,49000,103타입
1596,2012.08.18,53000,103타입
1597,2012.08.16,60000,103타입
1598,2012.07.12,48000,103타입
1599,2012.06.20,60000,103타입
1600,2012.06.16,50000,103타입
1601,2012.06.01,52000,103타입
1602,2012.05.12,51000,103타입
1603,2012.05.11,50000,103타입
1604,2012.05.07,50200,103타입
1605,2012.05.04,50000,103타입
1606,2012.04.21,52500,103타입
1607,2012.04.04,51000,103타입
1608,2012.03.31,57000,103타입
1609,2012.03.30,54500,103타입
1610,2012.03.16,53800,103타입
1611,2012.03.01,52300,103타입
1612,2012.02.29,54300,103타입
1613,2012.02.25,54000,103타입
1614,2012.02.23,53500,103타입
1615,2012.02.23,58800,103타입
1616,2012.02.22,55000,103타입
1617,2012.02.22,55750,103타입
1618,2012.02.11,59000,103타입
1619,2012.02.07,54000,103타입
1620,2012.02.03,57800,103타입
1621,2012.02.01,54500,103타입
1622,2012.01.30,52000,103타입
1623,2012.01.28,56950,103타입
1624,2012.01.25,56400,103타입
1625,2012.01.25,56100,103타입
1626,2012.01.21,56500,103타입
1627,2012.01.12,52700,103타입
1628,2012.01.07,52500,103타입
1629,2012.01.07,53500,103타입
1630,2011.12.06,51500,103타입
1631,2011.11.29,58200,103타입
1632,2011.11.26,60500,103타입
1633,2011.11.22,58500,103타입
1634,2011.11.20,56500,103타입
1635,2011.11.18,58350,103타입
1636,2011.11.14,55000,103타입
1637,2011.11.12,54000,103타입
1638,2011.10.27,51000,103타입
1639,2011.10.27,54000,103타입
1640,2011.10.24,55000,103타입
1641,2011.10.24,54000,103타입
1642,2011.10.24,60700,103타입
1643,2011.10.17,53000,103타입
1644,2011.10.01,52600,103타입
1645,2011.09.20,54900,103타입
1646,2011.09.09,50000,103타입
1647,2011.09.03,62000,103타입
1648,2011.08.31,61800,103타입
1649,2011.08.25,53000,103타입
1650,2011.08.24,53000,103타입
1651,2011.08.21,58000,103타입
1652,2011.08.09,58700,103타입
1653,2011.08.04,58000,103타입
1654,2011.07.25,55250,103타입
1655,2011.07.23,57000,103타입
1656,2011.07.21,52950,103타입
1657,2011.06.22,55500,103타입
1658,2011.05.17,58400,103타입
1659,2011.04.23,63000,103타입
1660,2011.04.20,63000,103타입
1661,2011.03.23,58000,103타입
1662,2011.03.23,56500,103타입
1663,2011.03.01,62500,103타입
1664,2011.02.22,57100,103타입
1665,2011.02.21,57500,103타입
1666,2011.02.20,64200,103타입
1667,2011.02.18,55000,103타입
1668,2011.02.14,58800,103타입
1669,2011.02.09,56000,103타입
1670,2011.02.08,63000,103타입
1671,2011.02.01,62000,103타입
1672,2011.01.28,63250,103타입
1673,2011.01.28,63000,103타입
1674,2011.01.22,58300,103타입
1675,2011.01.22,57500,103타입
1676,2011.01.20,61000,103타입
1677,2011.01.18,59250,103타입
1678,2011.01.10,65700,103타입
1679,2011.01.08,56000,103타입
1680,2010.12.31,58000,103타입
1681,2010.12.28,59500,103타입
1682,2010.12.28,54000,103타입
1683,2010.12.25,59900,103타입
1684,2010.12.25,60750,103타입
1685,2010.12.24,54000,103타입
1686,2010.12.24,55000,103타입
1687,2010.12.20,60500,103타입
1688,2010.12.15,59550,103타입
1689,2010.12.15,58750,103타입
1690,2010.12.11,61000,103타입
1691,2010.12.06,55500,103타입
1692,2010.12.04,53300,103타입
1693,2010.12.03,57800,103타입
1694,2010.11.29,57500,103타입
1695,2010.11.26,58500,103타입
1696,2010.11.22,57000,103타입
1697,2010.11.22,56000,103타입
1698,2010.11.22,59900,103타입
1699,2010.11.20,55000,103타입
1700,2010.11.20,56000,103타입
1701,2010.11.20,50300,103타입
1702,2010.11.20,55400,103타입
1703,2010.11.17,56000,103타입
1704,2010.11.16,59300,103타입
1705,2010.11.15,60000,103타입
1706,2010.11.12,56000,103타입
1707,2010.11.12,57300,103타입
1708,2010.11.10,63000,103타입
1709,2010.11.10,59700,103타입
1710,2010.11.08,51900,103타입
1711,2010.11.02,53500,103타입
1712,2010.10.30,55900,103타입
1713,2010.10.28,58500,103타입
1714,2010.10.27,58000,103타입
1715,2010.10.27,54600,103타입
1716,2010.10.25,57300,103타입
1717,2010.10.21,57000,103타입
1718,2010.10.21,51000,103타입
1719,2010.10.20,55500,103타입
1720,2010.10.20,59000,103타입
1721,2010.10.19,53200,103타입
1722,2010.10.18,53500,103타입
1723,2010.10.15,59750,103타입
1724,2010.10.14,55700,103타입
1725,2010.10.13,49000,103타입
1726,2010.10.07,56800,103타입
1727,2010.10.04,52700,103타입
1728,2010.10.02,59000,103타입
1729,2010.09.27,49800,103타입
1730,2010.09.27,50600,103타입
1731,2010.09.16,52000,103타입
1732,2010.09.11,49900,103타입
1733,2010.09.04,56800,103타입
1734,2010.08.18,53000,103타입
1735,2010.08.16,55500,103타입
1736,2010.07.27,56000,103타입
1737,2010.07.17,53000,103타입
1738,2010.07.14,50600,103타입
1739,2010.07.03,57500,103타입
1740,2010.06.04,55000,103타입
1741,2010.05.31,57250,103타입
1742,2010.05.19,59000,103타입
1743,2010.05.11,53800,103타입
1744,2010.05.03,55500,103타입
1745,2010.04.24,59250,103타입
1746,2010.04.15,52000,103타입
1747,2010.04.10,54800,103타입
1748,2010.04.07,55000,103타입
1749,2010.03.24,63000,103타입
1750,2010.03.20,56500,103타입
1751,2010.02.24,57900,103타입
1752,2010.02.22,65000,103타입
1753,2010.02.03,66000,103타입
1754,2010.02.02,61800,103타입
1755,2010.01.23,66000,103타입
1756,2010.01.22,62000,103타입
1757,2010.01.19,60500,103타입
1758,2010.01.18,59000,103타입
1759,2010.01.15,54000,103타입
1760,2010.01.14,67000,103타입
1761,2009.12.31,54300,103타입
1762,2009.12.29,66300,103타입
1763,2009.12.28,61000,103타입
1764,2009.12.19,63500,103타입
1765,2009.12.18,61000,103타입
1766,2009.12.18,62000,103타입
1767,2009.12.18,58000,103타입
1768,2009.12.10,57000,103타입
1769,2009.11.12,65500,103타입
1770,2009.10.16,62450,103타입
1771,2009.10.10,68900,103타입
1772,2009.10.10,59200,103타입
1773,2009.09.04,67750,103타입
1774,2009.09.01,62000,103타입
1775,2009.09.01,63000,103타입
1776,2009.08.29,63000,103타입
1777,2009.08.25,66000,103타입
1778,2009.08.17,67300,103타입
1779,2009.08.14,62000,103타입
1780,2009.07.28,68500,103타입
1781,2009.07.21,67000,103타입
1782,2009.07.07,68000,103타입
1783,2009.07.03,59700,103타입
1784,2009.06.27,68500,103타입
1785,2009.06.27,63000,103타입
1786,2009.06.27,63000,103타입
1787,2009.06.25,56300,103타입
1788,2009.06.23,63000,103타입
1789,2009.06.20,64400,103타입
1790,2009.06.13,64000,103타입
1791,2009.06.11,59500,103타입
1792,2009.06.05,62000,103타입
1793,2009.05.29,61000,103타입
1794,2009.05.27,55500,103타입
1795,2009.05.23,59000,103타입
1796,2009.05.19,65000,103타입
1797,2009.05.13,57000,103타입
1798,2009.05.06,53200,103타입
1799,2009.05.03,65000,103타입
1800,2009.04.25,65000,103타입
1801,2009.04.20,54000,103타입
1802,2009.04.15,60000,103타입
1803,2009.04.10,55000,103타입
1804,2009.04.08,53400,103타입
1805,2009.04.07,56300,103타입
1806,2009.04.06,50000,103타입
1807,2009.04.06,62000,103타입
1808,2009.04.04,53900,103타입
1809,2009.04.03,55000,103타입
1810,2009.03.31,59500,103타입
1811,2009.03.26,58000,103타입
1812,2009.03.26,51500,103타입
1813,2009.03.23,51000,103타입
1814,2009.03.18,57300,103타입
1815,2009.03.12,61750,103타입
1816,2009.03.02,58500,103타입
1817,2009.03.01,55000,103타입
1818,2009.02.28,53000,103타입
1819,2009.02.26,63500,103타입
1820,2009.02.23,59500,103타입
1821,2009.02.23,52500,103타입
1822,2009.02.23,57900,103타입
1823,2009.02.22,60000,103타입
1824,2009.02.20,53000,103타입
1825,2009.02.17,56000,103타입
1826,2009.02.12,51600,103타입
1827,2009.02.11,55300,103타입
1828,2009.02.11,53000,103타입
1829,2009.02.10,49500,103타입
1830,2009.02.09,51000,103타입
1831,2009.02.08,51000,103타입
1832,2009.02.04,56000,103타입
1833,2009.01.30,51500,103타입
1834,2009.01.29,54200,103타입
1835,2009.01.29,54000,103타입
1836,2009.01.21,55300,103타입
1837,2009.01.20,50000,103타입
1838,2009.01.20,55000,103타입
1839,2009.01.15,53000,103타입
1840,2009.01.12,53850,103타입
1841,2009.01.10,52000,103타입
1842,2009.01.08,52000,103타입
1843,2009.01.08,54700,103타입
1844,2008.12.23,53000,103타입
1845,2008.11.06,56000,103타입
1846,2008.11.04,54500,103타입
1847,2008.09.29,56000,103타입
1848,2008.08.23,57000,103타입
1849,2008.08.15,61000,103타입
1850,2008.08.06,59900,103타입
1851,2008.07.17,61500,103타입
1852,2008.07.10,60000,103타입
1853,2008.07.09,55700,103타입
1854,2008.06.25,59800,103타입
1855,2008.06.24,61500,103타입
1856,2008.06.10,62500,103타입
1857,2008.05.29,63500,103타입
1858,2008.05.29,63800,103타입
1859,2008.05.20,67900,103타입
1860,2008.05.19,58000,103타입
1861,2008.05.16,54000,103타입
1862,2008.05.15,62750,103타입
1863,2008.05.03,64500,103타입
1864,2008.05.03,62350,103타입
1865,2008.04.28,63300,103타입
1866,2008.04.22,55000,103타입
1867,2008.04.22,62000,103타입
1868,2008.04.15,57500,103타입
1869,2008.04.15,63500,103타입
1870,2008.04.12,66000,103타입
1871,2008.03.03,58000,103타입
1872,2008.03.01,64100,103타입
1873,2008.03.01,62500,103타입
1874,2008.02.26,60800,103타입
1875,2008.02.23,63000,103타입
1876,2008.02.13,61800,103타입
1877,2008.02.11,61300,103타입
1878,2008.02.02,59500,103타입
1879,2008.01.29,54000,103타입
1880,2008.01.09,62500,103타입
1881,2007.12.24,64500,103타입
1882,2007.11.23,60000,103타입
1883,2007.11.06,66000,103타입
1884,2007.10.30,58300,103타입
1885,2007.10.29,63300,103타입
1886,2007.10.25,59900,103타입
1887,2007.10.15,68000,103타입
1888,2007.10.11,66000,103타입
1889,2007.09.29,62500,103타입
1890,2007.09.22,63000,103타입
1891,2007.09.20,60500,103타입
1892,2007.09.11,64000,103타입
1893,2007.09.03,68000,103타입
1894,2007.08.30,65500,103타입
1895,2007.08.28,57000,103타입
1896,2007.08.18,67900,103타입
1897,2007.07.09,64800,103타입
1898,2007.06.07,64000,103타입
1899,2007.05.28,57000,103타입
1900,2007.05.25,60500,103타입
1901,2007.05.22,62500,103타입
1902,2007.05.14,55000,103타입
1903,2007.05.10,65000,103타입
1904,2007.05.08,61500,103타입
1905,2007.04.12,60000,103타입
1906,2007.01.06,72500,103타입
1907,2007.01.05,77800,103타입
1908,2006.12.15,68700,103타입
1909,2006.12.13,67600,103타입
1910,2006.12.12,67700,103타입
1911,2006.11.29,63000,103타입
1912,2006.11.24,69000,103타입
1913,2006.11.13,73000,103타입
1914,2006.11.04,79800,103타입
1915,2006.11.04,69000,103타입
1916,2006.11.03,68000,103타입
1917,2006.11.01,69000,103타입
1918,2006.11.01,75000,103타입
1919,2006.10.31,75300,103타입
1920,2006.10.30,69800,103타입
1921,2006.10.28,68000,103타입
1922,2006.10.26,66000,103타입
1923,2006.10.25,69500,103타입
1924,2006.10.24,50000,103타입
1925,2006.10.23,72300,103타입
1926,2006.10.23,75000,103타입
1927,2006.10.21,67000,103타입
1928,2006.10.21,69750,103타입
1929,2006.10.20,55000,103타입
1930,2006.10.17,69000,103타입
1931,2006.10.16,66500,103타입
1932,2006.10.14,65000,103타입
1933,2006.10.13,61000,103타입
1934,2006.10.12,66000,103타입
1935,2006.10.12,71500,103타입
1936,2006.10.11,66000,103타입
1937,2006.10.11,61000,103타입
1938,2006.10.02,74000,103타입
1939,2006.09.27,61500,103타입
1940,2006.09.20,65000,103타입
1941,2006.09.16,70000,103타입
1942,2006.09.12,64000,103타입
1943,2006.09.11,60000,103타입
1944,2006.09.10,67000,103타입
1945,2006.09.09,65800,103타입
1946,2006.09.07,68000,103타입
1947,2006.09.06,63000,103타입
1948,2006.07.16,66000,103타입
1949,2006.06.09,66500,103타입
1950,2006.05.29,63000,103타입
1951,2006.05.11,76800,103타입
1952,2006.05.10,72500,103타입
1953,2006.05.09,66850,103타입
1954,2006.05.01,72000,103타입
1955,2006.04.30,74000,103타입
1956,2006.04.28,65000,103타입
1957,2006.04.24,67000,103타입
1958,2006.04.24,70000,103타입
1959,2006.04.21,63000,103타입
1960,2006.04.18,66000,103타입
1961,2006.04.10,60000,103타입
1962,2006.04.01,60700,103타입
1963,2006.03.31,63500,103타입
1964,2006.03.28,69000,103타입
1965,2006.03.23,62000,103타입
1966,2006.03.23,59000,103타입
1967,2006.03.23,59000,103타입
1968,2006.03.22,69000,103타입
1969,2006.03.22,64000,103타입
1970,2006.03.21,73500,103타입
1971,2006.03.18,67000,103타입
1972,2006.03.17,61000,103타입
1973,2006.03.15,66450,103타입
1974,2006.03.15,55000,103타입
1975,2006.03.14,56000,103타입
1976,2006.03.13,56000,103타입
1977,2006.03.13,64500,103타입
1978,2006.03.11,62000,103타입
1979,2006.03.11,56500,103타입
1980,2006.03.11,55000,103타입
1981,2006.03.07,61000,103타입
1982,2006.03.04,58000,103타입
1983,2006.03.02,55000,103타입
1984,2006.03.01,51000,103타입
1985,2006.03.01,56500,103타입
1986,2006.03.01,59800,103타입
1987,2006.02.27,51800,103타입
1988,2006.02.26,50000,103타입
1989,2006.02.24,52000,103타입
1990,2006.02.23,47000,103타입
1991,2006.02.23,59200,103타입
1992,2006.02.16,51800,103타입
1993,2006.02.11,53000,103타입
1994,2006.02.11,49950,103타입
1995,2006.02.10,55250,103타입
1996,2006.02.08,49000,103타입
1997,2006.02.04,49250,103타입
1998,2006.02.03,51000,103타입
1999,2006.02.02,49000,103타입
2000,2006.02.01,43000,103타입
2001,2006.01.27,50500,103타입
2002,2006.01.27,54000,103타입
2003,2006.01.23,43500,103타입
2004,2006.01.22,46000,103타입
2005,2006.01.21,49000,103타입
2006,2006.01.19,54000,103타입
2007,2006.01.19,55000,103타입
2008,2006.01.19,47000,103타입
2009,2006.01.18,51000,103타입
2010,2006.01.16,53000,103타입
2011,2006.01.14,55000,103타입
2012,2006.01.11,49700,103타입
2013,2006.01.11,46000,103타입
2014,2006.01.10,54000,103타입
2015,2019.08.29,76500,113타입
2016,2019.07.27,80000,113타입
2017,2018.07.18,67000,113타입
2018,2018.05.01,65000,113타입
2019,2018.02.22,35000,113타입
2020,2017.12.27,60000,113타입
2021,2017.11.01,59000,113타입
2022,2017.07.26,60000,113타입
2023,2017.07.22,59000,113타입
2024,2017.07.04,55600,113타입
2025,2017.06.01,56000,113타입
2026,2017.03.26,55800,113타입
2027,2017.03.10,54200,113타입
2028,2017.02.06,54800,113타입
2029,2016.12.29,51500,113타입
2030,2016.10.08,52300,113타입
2031,2016.10.04,54700,113타입
2032,2016.09.24,53000,113타입
2033,2016.09.09,54000,113타입
2034,2016.08.27,54900,113타입
2035,2016.07.01,53900,113타입
2036,2016.03.16,54000,113타입
2037,2016.02.18,53300,113타입
2038,2015.12.03,52700,113타입
2039,2015.10.23,49400,113타입
2040,2015.10.21,47750,113타입
2041,2015.10.16,51000,113타입
2042,2015.09.08,48000,113타입
2043,2015.08.29,47800,113타입
2044,2015.08.16,48800,113타입
2045,2015.06.30,52000,113타입
2046,2015.06.10,47800,113타입
2047,2015.06.06,47500,113타입
2048,2015.06.06,47500,113타입
2049,2015.05.09,43300,113타입
2050,2015.04.12,50800,113타입
2051,2015.04.11,49500,113타입
2052,2015.03.18,49700,113타입
2053,2015.03.07,47500,113타입
2054,2014.12.10,48000,113타입
2055,2014.09.15,43000,113타입
2056,2014.07.21,40000,113타입
2057,2014.06.19,41000,113타입
2058,2014.04.14,49900,113타입
2059,2013.02.16,44500,113타입
2060,2012.02.04,49500,113타입
2061,2010.05.10,53000,113타입
2062,2009.09.03,51500,113타입
2063,2008.08.22,55000,113타입
2064,2008.06.13,49500,113타입
2065,2008.04.19,63000,113타입
2066,2006.11.15,52000,113타입
2067,2006.10.12,52000,113타입
2068,2006.09.30,48500,113타입
2069,2006.09.09,48300,113타입
2070,2006.07.20,40000,113타입
2071,2006.06.05,41500,113타입
2072,2006.04.24,40000,113타입
2073,2006.04.04,41500,113타입
2074,2006.03.20,40000,113타입
2075,2006.02.23,36500,113타입
2076,2006.01.20,35450,113타입
2077,2006.01.13,34500,113타입
2078,2019.08.01,55000,104타입
2079,2018.09.03,63500,104타입
2080,2018.08.18,52000,104타입
2081,2018.07.23,56400,104타입
2082,2018.07.19,53000,104타입
2083,2018.07.14,49000,104타입
2084,2018.04.14,49400,104타입
2085,2018.03.19,49500,104타입
2086,2018.03.16,51000,104타입
2087,2018.03.06,53500,104타입
2088,2018.02.14,50800,104타입
2089,2018.01.17,49000,104타입
2090,2018.01.15,47500,104타입
2091,2017.12.22,49000,104타입
2092,2017.12.21,50500,104타입
2093,2017.10.23,47700,104타입
2094,2017.08.01,41500,104타입
2095,2017.07.14,47900,104타입
2096,2017.07.12,47000,104타입
2097,2017.06.23,48200,104타입
2098,2017.06.21,41000,104타입
2099,2017.06.16,44800,104타입
2100,2017.06.07,44980,104타입
2101,2017.05.26,45000,104타입
2102,2017.05.18,43000,104타입
2103,2017.05.18,43500,104타입
2104,2017.04.29,45500,104타입
2105,2017.04.15,42700,104타입
2106,2016.11.25,42000,104타입
2107,2016.10.22,44000,104타입
2108,2016.10.05,44700,104타입
2109,2016.10.02,42000,104타입
2110,2016.08.31,42000,104타입
2111,2016.08.27,40500,104타입
2112,2016.08.20,39500,104타입
2113,2016.08.12,43500,104타입
2114,2016.08.02,43500,104타입
2115,2016.07.15,42000,104타입
2116,2016.07.02,42500,104타입
2117,2016.05.31,39900,104타입
2118,2016.05.26,41400,104타입
2119,2016.04.19,40800,104타입
2120,2016.04.18,40500,104타입
2121,2016.04.06,41700,104타입
2122,2016.03.12,40350,104타입
2123,2016.02.27,39000,104타입
2124,2015.12.01,41600,104타입
2125,2015.11.21,39000,104타입
2126,2015.11.06,40500,104타입
2127,2015.09.05,40800,104타입
2128,2015.07.31,41500,104타입
2129,2015.07.09,41000,104타입
2130,2015.06.26,37800,104타입
2131,2015.06.24,40500,104타입
2132,2015.05.14,37000,104타입
2133,2015.05.06,35300,104타입
2134,2015.04.27,34300,104타입
2135,2015.04.10,40000,104타입
2136,2015.03.24,37000,104타입
2137,2015.02.12,36000,104타입
2138,2015.02.09,36000,104타입
2139,2015.01.31,36700,104타입
2140,2014.12.28,32500,104타입
2141,2014.12.17,34600,104타입
2142,2014.11.25,34100,104타입
2143,2014.11.03,34500,104타입
2144,2014.10.27,34000,104타입
2145,2014.08.26,34600,104타입
2146,2014.08.21,32800,104타입
2147,2014.07.21,34300,104타입
2148,2014.05.24,35150,104타입
2149,2014.05.01,34500,104타입
2150,2014.04.11,33200,104타입
2151,2013.11.14,34500,104타입
2152,2013.10.23,34700,104타입
2153,2013.08.14,30800,104타입
2154,2013.06.24,38000,104타입
2155,2013.06.07,35000,104타입
2156,2013.06.03,34000,104타입
2157,2013.04.17,33500,104타입
2158,2013.01.26,35000,104타입
2159,2013.01.23,30000,104타입
2160,2012.11.15,32000,104타입
2161,2012.10.29,33000,104타입
2162,2012.09.24,33000,104타입
2163,2012.03.31,34500,104타입
2164,2012.02.28,37000,104타입
2165,2011.09.17,35000,104타입
2166,2011.06.22,39800,104타입
2167,2011.05.12,38000,104타입
2168,2010.06.14,43700,104타입
2169,2010.01.23,42350,104타입
2170,2009.10.14,43100,104타입
2171,2009.04.13,40300,104타입
2172,2009.02.02,32000,104타입
2173,2008.05.29,50000,104타입
2174,2008.05.24,44500,104타입
2175,2008.05.21,50000,104타입
2176,2008.05.19,45000,104타입
2177,2008.05.17,47000,104타입
2178,2008.02.28,45000,104타입
2179,2007.12.29,44000,104타입
2180,2007.07.11,40500,104타입
2181,2007.01.28,41000,104타입
2182,2006.09.13,39100,104타입
2183,2006.08.21,29000,104타입
2184,2006.04.27,26000,104타입
2185,2006.04.15,29500,104타입
2186,2006.04.14,27000,104타입
2187,2006.04.12,27500,104타입
2188,2006.04.11,29700,104타입
2189,2006.03.24,26400,104타입
2190,2006.03.24,28400,104타입
2191,2006.03.23,25600,104타입
2192,2006.03.15,27800,104타입
2193,2006.03.08,27750,104타입
2194,2006.02.25,24500,104타입
2195,2006.02.15,25800,104타입
2196,2006.02.13,26650,104타입
2197,2006.01.31,26400,104타입
2198,2006.01.31,27500,104타입
2199,2006.01.12,23900,104타입
2200,2019.11.27,74000,104타입
2201,2019.09.28,70000,104타입
2202,2019.07.24,73000,104타입
2203,2019.06.30,68000,104타입
2204,2018.08.30,73000,104타입
2205,2018.08.25,70800,104타입
2206,2018.07.01,59500,104타입
2207,2017.12.06,52000,104타입
2208,2017.08.25,54000,104타입
2209,2017.08.24,52600,104타입
2210,2017.07.31,52900,104타입
2211,2017.05.29,49000,104타입
2212,2017.05.03,44800,104타입
2213,2017.04.05,49400,104타입
2214,2017.02.03,44000,104타입
2215,2016.12.21,48000,104타입
2216,2016.10.29,44200,104타입
2217,2016.09.26,45800,104타입
2218,2016.08.24,46000,104타입
2219,2016.08.13,45400,104타입
2220,2016.07.25,45550,104타입
2221,2016.07.14,46000,104타입
2222,2016.06.20,46500,104타입
2223,2016.06.18,45000,104타입
2224,2016.06.04,42000,104타입
2225,2016.04.29,44000,104타입
2226,2016.02.23,44800,104타입
2227,2015.06.19,42500,104타입
2228,2015.06.01,42500,104타입
2229,2015.05.02,41000,104타입
2230,2015.04.11,36500,104타입
2231,2015.04.11,39000,104타입
2232,2015.03.21,41800,104타입
2233,2015.03.05,41000,104타입
2234,2015.01.22,39000,104타입
2235,2014.07.15,36500,104타입
2236,2014.03.11,34000,104타입
2237,2014.02.19,41500,104타입
2238,2014.02.14,40850,104타입
2239,2014.02.08,38900,104타입
2240,2014.01.28,39500,104타입
2241,2014.01.10,37500,104타입
2242,2013.12.02,34000,104타입
2243,2012.06.15,45000,104타입
2244,2011.12.22,34000,104타입
2245,2011.09.04,33000,104타입
2246,2010.05.13,42000,104타입
2247,2009.09.30,46000,104타입
2248,2009.08.16,46000,104타입
2249,2009.08.13,47000,104타입
2250,2009.07.25,45200,104타입
2251,2009.02.21,45000,104타입
2252,2008.04.29,44750,104타입
2253,2008.04.14,45000,104타입
2254,2008.03.26,41300,104타입
2255,2008.03.07,38000,104타입
2256,2007.09.18,43000,104타입
2257,2006.12.23,45000,104타입
2258,2006.12.09,40500,104타입
2259,2006.05.01,31000,104타입
2260,2006.04.30,33500,104타입
2261,2006.04.04,31000,104타입
2262,2006.03.29,30800,104타입
2263,2006.03.29,27500,104타입
2264,2006.03.28,29500,104타입
2265,2006.03.27,29500,104타입
2266,2006.03.25,22500,104타입
2267,2006.02.09,30000,104타입
2268,2006.01.27,27000,104타입
2269,2006.01.26,21900,104타입
2270,2006.01.26,22850,104타입
